{  
   "products":[  
      {  
         "productname":"Zapatilla Negra Mannarino",
         "brand":"Mannarino",
         "originalprice":1900,
         "productimage":"http:\/\/dafitistaticar-a.akamaihd.net\/p\/mannarino-4374-606813-1",
         "id":"MA366SH93DICAR",
         "discountprice":750,
         "isnewproduct":false,
         "url":"https:\/\/www.dafiti.com.ar\/Zapatilla-Negra-Mannarino-318606.html",
         "installment_max":1,
         "installment_value":750,
         "discountpercent":61,
         "id_seller":"1223",
         "seller":"Mannarino",
         "international_delivery":false,
         "seller_free_shipping":false,
         "description":"&nbsp;\n\u2022 Material exterior: Sint\u00e9tico\n\u2022 Color: Negro\n\u2022 C\u00f3digo Art\u00edculo: MA366SH93DICAR",
         "sizes":[  
            {  
               "size":"36",
               "id":"MA366SH93DICAR-1257094",
               "quantity":-5
            },
            {  
               "size":"37",
               "id":"MA366SH93DICAR-1257095",
               "quantity":-4
            },
            {  
               "size":"38",
               "id":"MA366SH93DICAR-1257096",
               "quantity":-11
            },
            {  
               "size":"39",
               "id":"MA366SH93DICAR-1257097",
               "quantity":-12
            },
            {  
               "size":"40",
               "id":"MA366SH93DICAR-1257098",
               "quantity":-6
            }
         ],
         "otherimages":[  
            "http:\/\/dafitistaticar-a.akamaihd.net\/p\/mannarino-4374-606813-1-product.jpg"
         ],
         "zoomimages":[  
            "http:\/\/dafitistaticar-a.akamaihd.net\/p\/mannarino-4374-606813-1-zoom.jpg"
         ],
         "branddescription":null,
         "model":null,
         "uppermaterial":"Sint\u00e9tico",
         "innermaterial":null,
         "solematerial":null,
         "season":"Verano",
         "color":"Negro",
         "cushioning":null,
         "waterproof":null,
         "breathable":null,
         "heelshape":null,
         "shoewidth":null,
         "highlight":null,
         "highlight_2":null,
         "simplesku":null,
         "size":null,
         "quantity":null,
         "gender":"Femenino",
         "page_category":"61",
         "page_category_names":"Zapatillas urbanas",
         "is_shoes":true,
         "size_convertion_table":{  
            "meta":{  
               "id_catalog_size_conversion":"2",
               "name":"default_shoes_femenino",
               "cms_key":"size_conversion_shoes_fem_es",
               "active":"1",
               "fk_acl_user":"300",
               "created_at":"2014-03-25 10:29:02",
               "updated_at":"2014-08-29 10:30:09",
               "columns":[  
                  "Talle",
                  "CM"
               ],
               "description":"{\"Talle\":\"\",\"cm\":\"CM\"}"
            },
            "values":[  
               {  
                  "Talle":"34",
                  "cm":"21.6"
               },
               {  
                  "Talle":"35",
                  "cm":"22.3"
               },
               {  
                  "Talle":"36",
                  "cm":"23"
               },
               {  
                  "Talle":"37",
                  "cm":"23.6"
               },
               {  
                  "Talle":"38",
                  "cm":"24.3"
               },
               {  
                  "Talle":"39",
                  "cm":"25"
               },
               {  
                  "Talle":"40",
                  "cm":"25.6"
               },
               {  
                  "Talle":"41",
                  "cm":"26.3"
               },
               {  
                  "Talle":"42",
                  "cm":"27"
               }
            ]
         },
         "related":[  
            {  
               "productname":"Zapatilla Negra Mannarino",
               "brand":"Mannarino",
               "originalprice":1900,
               "productimage":"http:\/\/dafitistaticar-a.akamaihd.net\/p\/mannarino-4374-606813-1",
               "id":"MA366SH93DICAR",
               "discountprice":750,
               "isnewproduct":false,
               "installment_max":1,
               "installment_value":750,
               "discountpercent":61,
               "description":"&nbsp;\n\u2022 Material exterior: Sint\u00e9tico\n\u2022 Color: Negro\n\u2022 C\u00f3digo Art\u00edculo: MA366SH93DICAR",
               "sizes":[  
                  {  
                     "size":"36",
                     "id":"MA366SH93DICAR-1257094",
                     "quantity":-5
                  },
                  {  
                     "size":"37",
                     "id":"MA366SH93DICAR-1257095",
                     "quantity":-4
                  },
                  {  
                     "size":"38",
                     "id":"MA366SH93DICAR-1257096",
                     "quantity":-11
                  },
                  {  
                     "size":"39",
                     "id":"MA366SH93DICAR-1257097",
                     "quantity":-12
                  },
                  {  
                     "size":"40",
                     "id":"MA366SH93DICAR-1257098",
                     "quantity":-6
                  }
               ],
               "otherimages":[  
                  "http:\/\/dafitistaticar-a.akamaihd.net\/p\/mannarino-4374-606813-1-catalog-new.jpg"
               ],
               "zoomimages":[  
                  "http:\/\/dafitistaticar-a.akamaihd.net\/p\/mannarino-4374-606813-1-zoom.jpg"
               ],
               "url":"https:\/\/www.dafiti.com.ar\/Zapatilla-Negra-Mannarino-318606.html",
               "branddescription":null,
               "model":null,
               "uppermaterial":"Sint\u00e9tico",
               "innermaterial":null,
               "solematerial":null,
               "season":"Verano",
               "color":"Negro",
               "cushioning":null,
               "waterproof":null,
               "breathable":null,
               "heelshape":null,
               "shoewidth":null,
               "highlight":null,
               "highlight_2":null,
               "simplesku":null,
               "size":null,
               "quantity":null,
               "related":null,
               "gender":"Femenino",
               "page_category":"61",
               "page_category_names":"Zapatillas urbanas"
            },
            {  
               "productname":"Zapatilla Plateada Mannarino",
               "brand":"Mannarino",
               "originalprice":1900,
               "productimage":"http:\/\/dafitistaticar-a.akamaihd.net\/p\/mannarino-4345-506813-1",
               "id":"MA366SH94DIBAR",
               "discountprice":750,
               "isnewproduct":false,
               "installment_max":1,
               "installment_value":750,
               "discountpercent":61,
               "description":"&nbsp;\n\u2022 Material exterior: Sint\u00e9tico\n\u2022 Color: Plata\n\u2022 C\u00f3digo Art\u00edculo: MA366SH94DIBAR",
               "sizes":[  
                  {  
                     "size":"36",
                     "id":"MA366SH94DIBAR-1257089",
                     "quantity":-9
                  },
                  {  
                     "size":"37",
                     "id":"MA366SH94DIBAR-1257090",
                     "quantity":-32
                  },
                  {  
                     "size":"38",
                     "id":"MA366SH94DIBAR-1257091",
                     "quantity":-26
                  },
                  {  
                     "size":"39",
                     "id":"MA366SH94DIBAR-1257092",
                     "quantity":0
                  },
                  {  
                     "size":"40",
                     "id":"MA366SH94DIBAR-1257093",
                     "quantity":-19
                  }
               ],
               "otherimages":[  
                  "http:\/\/dafitistaticar-a.akamaihd.net\/p\/mannarino-4345-506813-1-catalog-new.jpg"
               ],
               "zoomimages":[  
                  "http:\/\/dafitistaticar-a.akamaihd.net\/p\/mannarino-4345-506813-1-zoom.jpg"
               ],
               "url":"https:\/\/www.dafiti.com.ar\/Zapatilla-Plateada-Mannarino-318605.html",
               "branddescription":null,
               "model":null,
               "uppermaterial":"Sint\u00e9tico",
               "innermaterial":null,
               "solematerial":null,
               "season":"Verano",
               "color":"Plata",
               "cushioning":null,
               "waterproof":null,
               "breathable":null,
               "heelshape":null,
               "shoewidth":null,
               "highlight":null,
               "highlight_2":null,
               "simplesku":null,
               "size":null,
               "quantity":null,
               "related":null,
               "gender":"Femenino",
               "page_category":"61",
               "page_category_names":"Zapatillas urbanas"
            },
            {  
               "productname":"Zapatilla Celeste Mannarino",
               "brand":"Mannarino",
               "originalprice":1500,
               "productimage":"http:\/\/dafitistaticar-a.akamaihd.net\/p\/mannarino-1257-408123-1",
               "id":"MA366SH95IBCAR",
               "discountprice":550,
               "isnewproduct":false,
               "installment_max":1,
               "installment_value":550,
               "discountpercent":63,
               "description":"\u2022 Material exterior: Sint\u00e9tico\n\u2022 Color: Celeste\n\u2022 C\u00f3digo Art\u00edculo: MA366SH95IBCAR",
               "sizes":[  
                  {  
                     "size":"36",
                     "id":"MA366SH95IBCAR-1269062",
                     "quantity":0
                  },
                  {  
                     "size":"37",
                     "id":"MA366SH95IBCAR-1269063",
                     "quantity":0
                  },
                  {  
                     "size":"38",
                     "id":"MA366SH95IBCAR-1269064",
                     "quantity":0
                  },
                  {  
                     "size":"39",
                     "id":"MA366SH95IBCAR-1269065",
                     "quantity":0
                  },
                  {  
                     "size":"40",
                     "id":"MA366SH95IBCAR-1269066",
                     "quantity":0
                  }
               ],
               "otherimages":[  
                  "http:\/\/dafitistaticar-a.akamaihd.net\/p\/mannarino-1257-408123-1-catalog-new.jpg"
               ],
               "zoomimages":[  
                  "http:\/\/dafitistaticar-a.akamaihd.net\/p\/mannarino-1257-408123-1-zoom.jpg"
               ],
               "url":"https:\/\/www.dafiti.com.ar\/Zapatilla-Celeste-Mannarino-321804.html",
               "branddescription":null,
               "model":null,
               "uppermaterial":"Sint\u00e9tico",
               "innermaterial":null,
               "solematerial":null,
               "season":"Verano",
               "color":"Celeste",
               "cushioning":null,
               "waterproof":null,
               "breathable":null,
               "heelshape":null,
               "shoewidth":null,
               "highlight":null,
               "highlight_2":null,
               "simplesku":null,
               "size":null,
               "quantity":null,
               "related":null,
               "gender":"Femenino",
               "page_category":"61",
               "page_category_names":"Zapatillas urbanas"
            }
         ]
      }
   ],
   "seoSettings":{  
      "pageTitle":"Zapatilla Negra Mannarino - Compr\u00e1 Ahora | Dafiti Argentina",
      "metaDescription":"Zapatilla Negra Mannarino - Compr\u00e1 en cuotas fijas sin inter\u00e9s en Dafiti Argentina \u2713 Cambio y devoluci\u00f3n gratis a todo el pa\u00eds."
   }
}
